claim_id,material_claim,maturity,formal_support,executable_support,raw_result,manuscript_location,fresh_recheck,limitations
C1,Exact residual polynomial provenance at a quiescent barrier is equivalent to partitioning every pending occurrence pair exactly once.,proved,Proposition 1 in proofs/transfer.md,coefficient controls; exact observer; sequential observer,results/mutations.csv; results/hierarchy_stream.csv,Sections 2 and 5,2026-09-16: 31 unit tests and clean 97-job campaign passed,Positive equality join only; occurrence identities and source frontier retained.
C2,"For a fixed row hierarchy and additive positive-entry cost, an optimum uses at most one block per row cluster and every active cluster takes all currently full columns.",proved,Lemmas 2 and 3 in proofs/transfer.md,independent arbitrary-subset oracle,results/hierarchy_exact_*_summary.json,Section 4,380928 exact weighted instances; zero mismatch,"Does not optimize the hierarchy, arbitrary bicliques, or shared circuits."
C3,The ancestry-compressed recurrence returns the exact lexicographic payload-cost/block-count optimum in the stated packet class.,proved,Theorem 4 in proofs/transfer.md,independent arbitrary-subset oracle; certificate checker,results/hierarchy_exact_*; analysis/summary.json,Section 4,2026-09-16 clean reproduction: zero oracle mismatch,"Finite checks are implementation evidence, not a proof of unbounded correctness."
C4,"Each tree node needs at most depth plus one incoming states, and construction/checking is expected O(m+n+e log(e+1)+W) word operations and space.",proved,Lemma 5 and Theorem 6 in proofs/transfer.md,scale and benchmark campaigns,results/hierarchy_scale_8192.csv; results/hierarchy_scale_32768.csv,Sections 4 and 6,Largest clean task n=32768 completed with peak cumulative child RSS 855868 KiB,Expected dictionary operations; W counts explicit output memberships; peak RSS includes observers.
C5,The closed checker validates packet feasibility and the trusted recurrence certificate rather than trusting optimizer output.,proved,Theorem 7 and certificate-completeness proposition in proofs/transfer.md,15 certificate-corruption fixtures,results/hierarchy_mutations.csv; results/hierarchy_mutations_summary.json,Section 5,15/15 corruptions rejected in clean reproduction,Correctness still depends on checker implementation and trusted hierarchy/frontier/weights.
C6,"For row families containing singletons and nonnegative headers, laminarity is exactly the universal boundary where Boolean-cover and positive-partition optima agree.",proved,Theorem 8 in proofs/transfer.md,all 16 three-row dictionaries and 8192 support cases,results/hierarchy_boundary.csv; results/hierarchy_boundary_summary.json,Section 3,Zero finite mismatch in clean reproduction,Universal theorem depends on singleton availability and the stated cost class.
C7,"Canonical first-safe transfer costs at most H+1 times optimal, and the factor is asymptotically tight.",proved,Theorem 9 in proofs/transfer.md,height 1 through 8 formula/construction checks,results/hierarchy_gap_*_summary.json,Sections 3 and 6,"All gap checks reproduced; h=8,w=1024 ratio 8.92351993587 below bound 9",Gap family is dense and is not evidence of sparse workload speedup.
C8,Accepted atomic transfers compose with bounded sequential insertions and acknowledgments under retained occurrence identity.,proved,Theorem 10 in proofs/transfer.md,96 generated traces; exact event replay; full polynomial observer,results/hierarchy_stream.csv; results/hierarchy_stream_events.jsonl,Sections 5 and 6,9551 checked transitions; zero mismatch and replay agreement,"No deletion, concurrency, crash, or distributed-commit semantics."
C9,Lower bounds for explicit positive packets do not extend to all shared positive representations.,proved,Crown rank argument and constructive circuit in proofs/transfer.md,shared-DAG coefficient expansion,results/dag_boundary.csv; results/dag_boundary_summary.json,Section 3,10 instances and four full expansions; zero mismatch,No global shared-circuit optimizer or lower bound is claimed.
C10,The optimizer reduces payload on many generated instances but is slower than canonical decomposition in the Python implementation; checking adds further cost.,measured,Not applicable,controlled generated benchmarks with alternating method order,results/hierarchy_bench_*.csv; analysis/benchmark-summary.csv,Section 6,157688/380928 exact cases improve payload; timing aggregates regenerated,Generated supports and Python timings do not establish production performance.
C11,"Exact coefficients detect all eight semantic corruptions, while support, count, and lineage-only observations miss some.",finite_checked,Proposition 1 motivates the observer hierarchy,eight fixed negative controls,results/mutations.csv; results/mutations_summary.json,Sections 2 and 6,exact 8/8; support 5/8; count 6/8; lineage 2/8,Eight constructed controls illustrate insufficiency; they are not a statistical sample.
C12,The complete standalone campaign cleanly reproduces every retained discrete output.,cleanly_reproduced_internal,Not applicable,serial clean extraction; reproduce.py comparator; summarize.py,reproduction/run-ledger.csv; reproduction/comparison.json; reproduction/summary.json,Section 6 and CURRENT-STATE.md,97/97 jobs exit zero; 222 files; zero discrete mismatch; zero unexpected files; zero retained files missing,Timings are excluded from equality; internal self-reproduction is not independent external review.
