name,scholarly_or_official_url,license_or_access_note,access_date,resource_type,acquisition_method,integration_mode,supported_claim,internals_modified
ACM acmart class 2.20,https://www.acm.org/publications/authors/submissions,LPPL 1.3c; exact class and BST supplied in matched TEMPLATE.zip,2026-09-16,software template,user-supplied template,verbatim class/BST and anonymous review configuration,publisher-format internal draft,no
ACM TODS author guidelines,https://dl.acm.org/journal/tods/author-guidelines,official page; direct retrieval may be access-controlled,2026-09-16,venue rule,official web search and supplied brief,workflow rule only,45-page limit including figures and references; e-only appendices excluded,no
ACM publication submissions and templates,https://www.acm.org/publications/authors/submissions,official publisher page,2026-09-16,venue rule,official web page and supplied template,workflow rule only,current acmart submission family,no
ACM Policy on Authorship,https://www.acm.org/publications/policies/new-acm-policy-on-authorship,official policy; dated 2026-05-14 in search result,2026-09-16,policy,official web search,external-use hold only,named authors are accountable; AI systems are not authors,no
On the Optimal Nesting Order for Computing N-Relational Joins,https://doi.org/10.1145/1270.1498,scholarly article; not redistributed,2026-09-15,TODS article,DOI/publisher metadata and full-text reading,venue calibration and citation,exact dynamic-programming search spaces and cost assumptions,no
Tracing the Lineage of View Data in a Warehousing Environment,https://doi.org/10.1145/357775.357777,scholarly article; not redistributed,2026-09-15,TODS article,DOI and full-text reading,venue calibration and citation,operator-level lineage and derivation identity,no
TinyDB: An Acquisitional Query Processing System for Sensor Networks,https://doi.org/10.1145/1061318.1061322,scholarly article; author-hosted full text inspected; not redistributed,2026-09-15,TODS article,DOI and author-hosted full text,historical comparison and citation,adaptive acquisition controls sampling/routing rather than provenance transfer,no
On the Expressiveness of Implicit Provenance in Query and Update Languages,https://doi.org/10.1145/1412331.1412340,scholarly article; not redistributed,2026-09-15,TODS article,DOI and full-text reading,venue calibration and citation,expressiveness and observation boundaries for provenance,no
Semantics and Implementation of Continuous Sliding Window Queries over Data Streams,https://doi.org/10.1145/1508857.1508861,scholarly article; not redistributed,2026-09-15,TODS article,DOI and full-text reading,venue calibration,explicit stream/window semantics and implementation assumptions,no
Generating Sound Workflow Views for Correct Provenance Analysis,https://doi.org/10.1145/1929934.1929940,scholarly article; not redistributed,2026-09-15,TODS article,"DOI, institutional metadata, and full-text reading",venue calibration,soundness under state/workflow abstraction and explicit repair criteria,no
On Provenance Minimization,https://doi.org/10.1145/2389241.2389249,scholarly article; not redistributed,2026-09-15,TODS article,DOI and full-text reading,venue calibration and citation,minimization requires a fixed equivalence and representation class,no
Collaborative Data Sharing via Update Exchange and Provenance,https://doi.org/10.1145/2500127,scholarly article; not redistributed,2026-09-15,TODS article,DOI and full-text reading,venue calibration and citation,provenance-aware update reconciliation is distinct from operator migration,no
Classification of Annotation Semirings over Containment of Conjunctive Queries,https://doi.org/10.1145/2556524,scholarly article; not redistributed,2026-09-15,TODS article,DOI and full-text reading,venue calibration and citation,annotation algebra changes semantic guarantees,no
Oblivious Bounds on the Probability of Boolean Functions,https://doi.org/10.1145/2532641,scholarly article; not redistributed,2026-09-15,TODS article,DOI and full-text reading,venue calibration and citation,Boolean representations do not imply coefficient-preserving results,no
Size Bounds for Factorised Representations of Query Results,https://doi.org/10.1145/2656335,scholarly article; not redistributed,2026-09-15,TODS article,DOI and full-text reading,venue calibration and citation,factorisation structure and sharing alter representation size,no
Supporting Better Insights of Data Science Pipelines with Fine-Grained Lineage,https://doi.org/10.1145/3644385,scholarly article; not redistributed,2026-09-15,TODS article,DOI and full-text reading,venue calibration and citation,fine-grained practical lineage scope and evaluation posture,no
Eddies: Continuously Adaptive Query Processing,https://doi.org/10.1145/342009.335420,scholarly article; not redistributed,2026-09-15,influential conference article,DOI and full-text reading,influential-paper calibration and citation,continuous operator routing and adaptive execution,no
Lifting the Burden of History from Adaptive Query Processing (STAIR),https://www.vldb.org/conf/2004/RS24P2.PDF,scholarly full text; not redistributed,2026-09-15,influential conference article,VLDB archive full text,influential-paper calibration and citation,completeness and duplicate freedom across adaptive state changes,no
Provenance Semirings,https://doi.org/10.1145/1265530.1265535,scholarly article; not redistributed,2026-09-15,influential conference article,DOI and full-text reading,semantic foundation and citation,polynomial semiring provenance,no
FDB: A Query Engine for Factorised Relational Databases,https://doi.org/10.14778/2350229.2350242,scholarly article; full text inspected; not redistributed,2026-09-15,influential PVLDB article,DOI and PVLDB full text,influential-paper calibration and citation,factorised representation and execution,no
Provenance for Aggregate Queries,https://doi.org/10.1145/1989284.1989302,scholarly article; not redistributed,2026-09-15,influential conference article,DOI and full-text reading,influential-paper calibration and citation,coefficient-sensitive annotations are stronger than support/count,no
ADOPT: Adaptively Optimizing Attribute Orders,https://doi.org/10.14778/3611479.3611489,scholarly article; not redistributed,2026-09-15,adjacent PVLDB article,DOI and PVLDB full text,adjacent-work calibration and citation,adaptive execution records disjoint processed subdomains,no
Boolean Tensor Decomposition for Conjunctive Queries with Negation,https://doi.org/10.4230/LIPIcs.ICDT.2019.21,CC BY scholarly article; not redistributed in package,2026-09-15,adjacent conference article,DROPS full text,adjacent-work calibration and citation,Boolean factorisation cannot be lifted silently to counting coefficients,no
The Complexity of Linear Operators,https://doi.org/10.4086/toc.2025.v021a009,open scholarly article; not redistributed,2026-09-15,adjacent journal article,publisher full text,adjacent-work calibration and citation,sparse-complement matrices may have small shared semiring circuits,no
Fast Shortest Path in Graphs with Sparse Signed Tree Models and Applications,https://doi.org/10.4230/LIPIcs.ICALP.2026.40,CC BY scholarly article; not redistributed in package,2026-09-15,adjacent conference article,DROPS/author full text,adjacent-work calibration and citation,tree-model conversion and signed representation boundary,no
Biclique Decompositions from Welzl Orders,https://doi.org/10.48550/arXiv.2606.09785,arXiv scholarly preprint; not redistributed,2026-09-15,adjacent preprint,arXiv full text,novelty boundary and citation,canonical biclique decompositions already have broader geometric context,no
Compact Representations of Geometric Bipartite Graphs via Weighted Biclique Covers,https://doi.org/10.48550/arXiv.2608.20767,arXiv scholarly preprint; not redistributed,2026-09-15,adjacent preprint,arXiv full text,adjacent-work calibration and citation,membership-plus-header weighted biclique objective is not new in general,no
Python standard library,https://docs.python.org/3/,PSF License; runtime supplied by environment,2026-09-15,software,local runtime,artifact implementation,all executable checks,no
Using State Modules for Adaptive Query Processing,https://doi.org/10.1109/ICDE.2003.1260805,scholarly article; not redistributed,2026-09-16,closest ICDE article,publisher/author metadata and full text,closest-work comparison and citation,adaptive plans can reuse state exposed independently of operator code,no
Flux: An Adaptive Partitioning Operator for Continuous Query Systems,https://doi.org/10.1109/ICDE.2003.1260779,scholarly article; not redistributed,2026-09-16,closest ICDE article,publisher/author metadata and full text,closest-work comparison and citation,continuous-query state can be repartitioned adaptively across parallel operators,no
Megaphone: Latency-Conscious State Migration for Distributed Streaming Dataflows,https://doi.org/10.14778/3329772.3329777,scholarly article; full text inspected; not redistributed,2026-09-16,closest PVLDB article,PVLDB/author full text and DOI metadata,closest-work comparison and citation,fine-grained scheduling controls latency during distributed state migration,no
Adaptive Query Processing,https://doi.org/10.1561/1900000001,scholarly publication; not redistributed,2026-09-16,scholarly article,publisher/venue metadata and cited passages,manuscript citation and related-work comparison,adaptive-query-processing survey context,no
The Semiring Framework for Database Provenance,https://doi.org/10.1145/3034786.3056125,scholarly publication; not redistributed,2026-09-16,scholarly article,publisher/venue metadata and cited passages,manuscript citation and related-work comparison,semiring framework synthesis,no
Factorised Representations of Query Results: Size Bounds and Readability,https://doi.org/10.1145/2274576.2274607,scholarly publication; not redistributed,2026-09-16,scholarly article,publisher/venue metadata and cited passages,manuscript citation and related-work comparison,factorized result size/readability context,no
On Factorisation of Provenance Polynomials,https://www.usenix.org/conference/tapp11/factorisation-provenance-polynomials,scholarly publication; not redistributed,2026-09-16,scholarly article,publisher/venue metadata and cited passages,manuscript citation and related-work comparison,provenance-polynomial factorization context,no
"Provenance in Databases: Why, How, and Where",https://doi.org/10.1561/1900000006,scholarly publication; not redistributed,2026-09-16,scholarly article,publisher/venue metadata and cited passages,manuscript citation and related-work comparison,provenance taxonomy and survey context,no
Algorithms for Acyclic Database Schemes,https://www.vldb.org/conf/1981/P082.PDF,scholarly publication; not redistributed,2026-09-16,scholarly article,publisher/venue metadata and cited passages,manuscript citation and related-work comparison,acyclic join-processing foundation,no
Access Path Selection in a Relational Database Management System,https://doi.org/10.1145/582095.582099,scholarly publication; not redistributed,2026-09-16,scholarly article,publisher/venue metadata and cited passages,manuscript citation and related-work comparison,classical cost-based join optimization contrast,no
Minimally Factorizing the Provenance of Self-Join-Free Conjunctive Queries,https://doi.org/10.1145/3651605,scholarly publication; not redistributed,2026-09-16,scholarly article,publisher/venue metadata and cited passages,manuscript citation and related-work comparison,recent minimal provenance-factorization comparison,no
Lightweight Materialization for Fast Dashboards over Joins,https://doi.org/10.1145/3626735,scholarly publication; not redistributed,2026-09-16,scholarly article,publisher/venue metadata and cited passages,manuscript citation and related-work comparison,compact physical materialization contrast,no
Approximate Query Processing under Updates,https://doi.org/10.1145/3769760,scholarly publication; not redistributed,2026-09-16,scholarly article,"ACM Digital Library record, DBLP metadata, and cited passages",manuscript citation and related-work comparison,exact transfer versus approximate dynamic-query contrast,no
Proof-Carrying Code,https://doi.org/10.1145/263699.263712,scholarly publication; not redistributed,2026-09-16,scholarly article,publisher/author metadata and cited passages,manuscript citation and related-work comparison,producer/checker certificate analogy and explicit formal-verification boundary,no
Certifying Algorithms,https://doi.org/10.1016/j.cosrev.2010.09.009,scholarly publication; not redistributed,2026-09-16,scholarly article,publisher/author metadata and relevant passages,manuscript citation and related-work comparison,certifying-algorithm producer/checker analogy and explicit trust-boundary distinction,no
