label,exit_code,wall_seconds,child_cpu_seconds,cumulative_child_peak_rss_kib,workers
unit-tests,0,1.0981413050001265,1.095647,101800,1
running-example,0,0.5902381000000787,0.5855619999999999,101800,1
pilot,0,0.8925749049999467,0.89051,101800,1
sparse_pilot,0,0.6030821669999114,0.5978490000000002,101800,1
laminar_pilot,0,2.4291370660000666,2.4251080000000003,126604,1
width-1-1,0,0.5373393219999798,0.5325520000000001,126604,1
width-1-4,0,0.559551208999892,0.5543790000000002,126604,1
width-2-2,0,0.5480555289998392,0.5455680000000004,126604,1
width-2-3,0,0.5919371640000008,0.589255,126604,1
width-3-2,0,0.5514099130000432,0.5489100000000005,126604,1
width-3-3,0,0.5817071989999931,0.5770999999999997,126604,1
width-3-4,0,0.7299178299999767,0.726609999999999,126604,1
width-4-3,0,0.8312312699999893,0.8277990000000001,126604,1
width-4-4,0,4.014428769999995,4.011055999999999,126604,1
baseline-32,0,0.6836390609998944,0.6814400000000007,126604,1
baseline-128,0,1.591707585999984,1.5886469999999988,126604,1
baseline-512,0,1.7135246269999698,1.7056290000000005,126604,1
baseline-2048,0,17.97133441400001,17.957595,143492,1
baseline-scale-8192,0,1.3531208950000746,1.349698999999996,144916,1
baseline-scale-32768,0,6.8489882200001375,6.836858000000003,428732,1
baseline-stream,0,0.9501093889998629,0.9466359999999967,428732,1
baseline-replay,0,0.9517005229999995,0.9412480000000039,428732,1
coefficient-controls,0,0.5800460430000385,0.5757489999999978,428732,1
shared-circuit,0,1.0072319220000736,0.9984719999999965,428732,1
weighted-4-4-0,0,6.617786781999939,6.615739000000004,428732,1
weighted-4-4-8192,0,6.925931837000007,6.9210189999999985,428732,1
weighted-4-4-16384,0,6.492921298999818,6.490368000000005,428732,1
weighted-4-4-24576,0,6.8640519860000495,6.8556819999999865,428732,1
weighted-4-4-32768,0,6.51802095700009,6.515360000000015,428732,1
weighted-4-4-40960,0,7.057317728000044,7.045802999999997,428732,1
weighted-4-4-49152,0,6.965761788000009,6.963701999999998,428732,1
weighted-4-4-57344,0,6.965976069999897,6.962785000000016,428732,1
weighted-4-3-tree-0,0,2.1901395970000976,2.1882199999999905,428732,1
weighted-4-3-tree-1,0,2.1243286989999888,2.1213000000000037,428732,1
weighted-4-3-tree-2,0,2.188925790999974,2.181657000000005,428732,1
weighted-4-3-tree-3,0,2.2100136889998794,2.206527999999998,428732,1
weighted-4-3-tree-4,0,2.3500460410000414,2.3472220000000155,428732,1
weighted-4-3-tree-5,0,2.242671468000026,2.2394930000000013,428732,1
weighted-4-3-tree-6,0,2.2313555709999946,2.2283649999999993,428732,1
weighted-4-3-tree-7,0,2.206150197999932,2.203170000000001,428732,1
weighted-4-3-tree-8,0,2.3599193929999274,2.358104999999993,428732,1
weighted-4-3-tree-9,0,2.159022112999992,2.1561600000000034,428732,1
weighted-4-3-tree-10,0,2.174587909000138,2.1715180000000105,428732,1
weighted-4-3-tree-11,0,2.307623992000117,2.305804000000008,428732,1
weighted-4-3-tree-12,0,2.1996517509999194,2.1975349999999967,428732,1
weighted-4-3-tree-13,0,2.297902937999879,2.2934459999999834,428732,1
weighted-4-3-tree-14,0,2.2789287049999984,2.2747199999999994,428732,1
laminar-boundary,0,0.6947242629998982,0.6911300000000136,428732,1
height-1-16,0,0.6180449030000545,0.6151960000000019,428732,1
height-1-1024,0,0.5639022389998445,0.561015999999996,428732,1
height-2-16,0,0.5674502850001772,0.5614489999999712,428732,1
height-2-1024,0,0.5652007370001684,0.5604420000000152,428732,1
height-3-16,0,0.6138547570001265,0.6099609999999904,428732,1
height-3-1024,0,0.5770913890000884,0.5722510000000058,428732,1
height-4-16,0,0.6166552170000159,0.6136679999999801,428732,1
height-4-1024,0,0.585744873000067,0.5805250000000104,428732,1
height-5-16,0,0.5743892620000679,0.5697130000000126,428732,1
height-5-1024,0,0.5781622859999516,0.5745399999999625,428732,1
height-6-16,0,0.608745319000036,0.6029340000000207,428732,1
height-6-1024,0,0.5842574309999691,0.5812089999999719,428732,1
height-7-16,0,0.6761084290001236,0.6629569999999987,428732,1
height-7-1024,0,0.6889943390001463,0.6840460000000128,428732,1
height-8-16,0,0.909885463999899,0.9056569999999864,428732,1
height-8-1024,0,0.8472379770000771,0.8433799999999891,428732,1
hierarchical-32-empty,0,0.5657276649999403,0.5634620000000092,428732,1
hierarchical-32-diagonal,0,0.6051310020000074,0.6034360000000021,428732,1
hierarchical-32-row,0,0.5891595289999714,0.5853429999999946,428732,1
hierarchical-32-column,0,0.5834790850001355,0.5805339999999868,428732,1
hierarchical-32-band,0,0.5870027450000634,0.5841879999999895,428732,1
hierarchical-32-cluster,0,0.5792920290000438,0.5764800000000214,428732,1
hierarchical-32-random,0,0.6250100310001017,0.6220080000000072,428732,1
hierarchical-128-empty,0,0.5699552070000209,0.5669809999999966,428732,1
hierarchical-128-diagonal,0,0.7853472950000651,0.7824429999999909,428732,1
hierarchical-128-row,0,0.5699850169999081,0.5662780000000041,428732,1
hierarchical-128-column,0,0.6356742440000289,0.6314770000000038,428732,1
hierarchical-128-band,0,0.7739009609999812,0.7707560000000147,428732,1
hierarchical-128-cluster,0,0.5899524500000553,0.584614999999987,428732,1
hierarchical-128-random,0,0.7023931489998176,0.6991670000000063,428732,1
hierarchical-512-empty,0,0.5691597910001747,0.5664949999999873,428732,1
hierarchical-512-diagonal,0,1.5652875830000994,1.559750000000001,428732,1
hierarchical-512-row,0,0.577705251999987,0.5736770000000107,428732,1
hierarchical-512-column,0,0.8805931680001322,0.8759190000000174,428732,1
hierarchical-512-band,0,1.6178938729999572,1.6133469999999708,428732,1
hierarchical-512-cluster,0,0.6306553809999969,0.6281470000000002,428732,1
hierarchical-512-random,0,1.398505729999897,1.3956349999999889,428732,1
hierarchical-2048-empty,0,0.804760449000014,0.8019950000000042,428732,1
hierarchical-2048-diagonal,0,7.3307221940001455,7.326938999999971,428732,1
hierarchical-2048-row,0,0.7136319789999561,0.7107290000000015,428732,1
hierarchical-2048-column,0,1.8659447609998097,1.8629830000000167,428732,1
hierarchical-2048-band,0,7.350961392000045,7.347924999999976,428732,1
hierarchical-2048-cluster,0,0.7466431640000337,0.7446480000000104,428732,1
hierarchical-2048-random,0,5.327680627000063,5.319481999999987,428732,1
hierarchical-scale-8192,0,2.6317865849998725,2.628826000000008,428732,1
hierarchical-scale-32768,0,11.725465574999816,11.716345999999987,855868,1
certificate-controls,0,0.594612804999997,0.5918659999999996,855868,1
hierarchical-stream,0,1.6725239209999927,1.6627610000000121,855868,1
hierarchical-replay,0,1.5718194940000103,1.5614080000000108,855868,1
