n,family,seed,regime,repeat,holes,optimized_cost,canonical_cost,optimized_blocks,canonical_blocks,states,height,optimized_seconds,canonical_seconds,certificate_seconds,payload_memberships
128,cluster,1701,unit,0,128,377,377,3,3,49,5,0.00027733999999668413,4.5758999988265714e-05,0.0003245910000089225,377
128,cluster,1701,unit,1,128,377,377,3,3,49,5,0.00019914099999596147,3.7317000007419665e-05,0.00026287699999727465,377
128,cluster,1701,unit,2,128,377,377,3,3,49,5,0.00018415899999979501,3.72060000017882e-05,0.00023886099999970156,377
128,cluster,1701,encoded,0,128,5664,7976,3,3,49,5,0.00020615199998985645,3.4842999994566526e-05,0.00026605200000062723,378
128,cluster,1701,encoded,1,128,5664,7976,3,3,49,5,0.00020072399999548907,3.5323999995284794e-05,0.0002491169999956355,378
128,cluster,1701,encoded,2,128,5664,7976,3,3,49,5,0.00019156999999836444,3.533299999958217e-05,0.0002524920000013253,378
128,cluster,2718,unit,0,128,377,377,3,3,49,5,0.00018806399999959922,3.464300000644016e-05,0.00030529199999307366,377
128,cluster,2718,unit,1,128,377,377,3,3,49,5,0.0001801930000056018,5.5002999999942404e-05,0.00023167999999884614,377
128,cluster,2718,unit,2,128,377,377,3,3,49,5,0.0001749939999911021,3.54830000048878e-05,0.00022859599999947022,377
128,cluster,2718,encoded,0,128,5664,7976,3,3,49,5,0.00019723799999837865,3.3990999995126e-05,0.00025109999999983756,378
128,cluster,2718,encoded,1,128,5664,7976,3,3,49,5,0.00019049899999856734,3.3259999995038925e-05,0.00025475500000027296,378
128,cluster,2718,encoded,2,128,5664,7976,3,3,49,5,0.0001888850000000275,3.582499999765787e-05,0.00024761400000272715,378
128,cluster,3141,unit,0,128,377,377,3,3,49,5,0.00018365799999742194,3.358099999672959e-05,0.00024102500000822147,377
128,cluster,3141,unit,1,128,377,377,3,3,49,5,0.00018220599999096976,3.298000000029333e-05,0.00022803500000634358,377
128,cluster,3141,unit,2,128,377,377,3,3,49,5,0.00017360199998961434,3.3892000004698275e-05,0.000327565999995727,377
128,cluster,3141,encoded,0,128,5664,7976,3,3,49,5,0.0001938930000022765,3.449199999749908e-05,0.00024938699999665914,378
128,cluster,3141,encoded,1,128,5664,7976,3,3,49,5,0.00020186599999760801,3.293000000326174e-05,0.0002445399999970732,378
128,cluster,3141,encoded,2,128,5664,7976,3,3,49,5,0.0001878439999956072,3.3009999995670114e-05,0.00024584199999821976,378
