label,exit_code,wall_seconds,child_cpu_seconds,cumulative_child_peak_rss_kib,workers
unit-tests,0,0.7185347369999988,0.42633,32588,1
running-example,0,0.04814646199999828,0.046053000000000024,32588,1
pilot,0,0.17890596099999811,0.17662599999999995,32588,1
sparse_pilot,0,0.06084582000000083,0.059897,32588,1
laminar_pilot,0,1.7322247050000001,1.730804,49672,1
width-1-1,0,0.053780301999999836,0.05256600000000003,49672,1
width-1-4,0,0.05317399100000131,0.051699999999999954,49672,1
width-2-2,0,0.05283570199999943,0.051467000000000165,49672,1
width-2-3,0,0.05584213299999874,0.05510100000000026,49672,1
width-3-2,0,0.055929868999999854,0.053152999999999936,49672,1
width-3-3,0,0.07146253599999852,0.06746700000000026,49672,1
width-3-4,0,0.20790911499999964,0.20198899999999972,49672,1
width-4-3,0,0.20110614800000093,0.20009899999999967,49672,1
width-4-4,0,3.0928023890000027,3.090638,49672,1
baseline-32,0,0.10432398500000062,0.10375899999999985,49672,1
baseline-128,0,0.9633741200000046,0.9616420000000003,49672,1
baseline-512,0,1.0438341420000015,1.0403959999999988,49672,1
baseline-2048,0,13.635015697,13.628333000000001,60936,1
baseline-scale-8192,0,0.6501681049999988,0.6494480000000012,60936,1
baseline-scale-32768,0,3.8048503849999946,3.803234,351356,1
baseline-stream,0,0.3465570369999966,0.34576299999999827,351356,1
baseline-replay,0,0.28936912900000067,0.28801700000000274,351356,1
coefficient-controls,0,0.05402306399999901,0.05258299999999905,351356,1
shared-circuit,0,0.42443821599999865,0.42254799999999815,351356,1
weighted-4-4-0,0,5.2691162039999995,5.2647070000000005,351356,1
weighted-4-4-8192,0,5.510524236000002,5.508464000000005,351356,1
weighted-4-4-16384,0,5.507131563999991,5.5052680000000045,351356,1
weighted-4-4-24576,0,5.664456260999998,5.6628149999999975,351356,1
weighted-4-4-32768,0,5.875929471000006,5.873517999999994,351356,1
weighted-4-4-40960,0,5.637830301999998,5.635650000000004,351356,1
weighted-4-4-49152,0,5.548307496000007,5.544895999999994,351356,1
weighted-4-4-57344,0,5.571335998999999,5.569647,351356,1
weighted-4-3-tree-0,0,1.6000994699999893,1.5967689999999908,351356,1
weighted-4-3-tree-1,0,1.5683897489999907,1.5676820000000025,351356,1
weighted-4-3-tree-2,0,1.57498966,1.574150999999994,351356,1
weighted-4-3-tree-3,0,1.6277734550000105,1.6267439999999984,351356,1
weighted-4-3-tree-4,0,1.5966220520000007,1.5957799999999975,351356,1
weighted-4-3-tree-5,0,1.5452057080000117,1.544418000000001,351356,1
weighted-4-3-tree-6,0,1.5297121949999877,1.5287860000000049,351356,1
weighted-4-3-tree-7,0,1.5233734539999944,1.5224549999999981,351356,1
weighted-4-3-tree-8,0,1.590661420999993,1.5895179999999989,351356,1
weighted-4-3-tree-9,0,1.5759892989999997,1.5748100000000045,351356,1
weighted-4-3-tree-10,0,1.5985715190000036,1.5973569999999977,351356,1
weighted-4-3-tree-11,0,1.5923343440000082,1.591368999999998,351356,1
weighted-4-3-tree-12,0,1.532444819999995,1.5311789999999992,351356,1
weighted-4-3-tree-13,0,1.5542868720000058,1.552725999999994,351356,1
weighted-4-3-tree-14,0,1.5403565289999932,1.539533000000005,351356,1
laminar-boundary,0,0.0754480699999931,0.07475499999999835,351356,1
height-1-16,0,0.0492426190000117,0.048695000000006594,351356,1
height-1-1024,0,0.048974983999997335,0.04833600000001148,351356,1
height-2-16,0,0.0482910099999998,0.04764600000000607,351356,1
height-2-1024,0,0.04834403099999918,0.04761699999999225,351356,1
height-3-16,0,0.04949220700000012,0.04874400000000323,351356,1
height-3-1024,0,0.04903037900000129,0.04837900000001105,351356,1
height-4-16,0,0.04962542800001302,0.048875999999998365,351356,1
height-4-1024,0,0.05028612799999621,0.04962399999999789,351356,1
height-5-16,0,0.05219913100000895,0.051472000000006624,351356,1
height-5-1024,0,0.05204029200000093,0.051288999999992146,351356,1
height-6-16,0,0.05675206899999807,0.05602499999999999,351356,1
height-6-1024,0,0.05777389400000743,0.05698499999999673,351356,1
height-7-16,0,0.08944459899998947,0.08855900000000827,351356,1
height-7-1024,0,0.08734268300000281,0.08682099999999848,351356,1
height-8-16,0,0.2604037929999947,0.2596950000000089,351356,1
height-8-1024,0,0.2782135439999962,0.2773239999999835,351356,1
hierarchical-32-empty,0,0.05115057499999409,0.05048700000001216,351356,1
hierarchical-32-diagonal,0,0.07476367599998923,0.07402599999999082,351356,1
hierarchical-32-row,0,0.05246252000000595,0.05152400000001389,351356,1
hierarchical-32-column,0,0.0643282090000099,0.06333399999998912,351356,1
hierarchical-32-band,0,0.07636275500000522,0.07319299999999807,351356,1
hierarchical-32-cluster,0,0.05437917000000425,0.053636999999995716,351356,1
hierarchical-32-random,0,0.06748762799999497,0.06675399999999865,351356,1
hierarchical-128-empty,0,0.05590743099999429,0.05490199999999179,351356,1
hierarchical-128-diagonal,0,0.1841047859999918,0.1833400000000025,351356,1
hierarchical-128-row,0,0.05826794200000052,0.05746100000000687,351356,1
hierarchical-128-column,0,0.1014747810000074,0.1004420000000028,351356,1
hierarchical-128-band,0,0.19458100299999614,0.1935479999999985,351356,1
hierarchical-128-cluster,0,0.06062663999999529,0.060007000000009025,351356,1
hierarchical-128-random,0,0.1487706749999944,0.1480059999999983,351356,1
hierarchical-512-empty,0,0.06261574900000255,0.06168800000000729,351356,1
hierarchical-512-diagonal,0,0.8262220069999984,0.8247640000000045,351356,1
hierarchical-512-row,0,0.06952507000001162,0.06853900000000568,351356,1
hierarchical-512-column,0,0.2673303010000012,0.26633799999999663,351356,1
hierarchical-512-band,0,0.9465960170000045,0.9458429999999918,351356,1
hierarchical-512-cluster,0,0.0859246379999945,0.08527999999999603,351356,1
hierarchical-512-random,0,0.6452627320000062,0.6445960000000035,351356,1
hierarchical-2048-empty,0,0.1156547020000005,0.11462800000000173,351356,1
hierarchical-2048-diagonal,0,5.313764660000004,5.311896000000003,351356,1
hierarchical-2048-row,0,0.15072912899998414,0.15003800000000078,351356,1
hierarchical-2048-column,0,1.0713030880000076,1.0706410000000086,351356,1
hierarchical-2048-band,0,5.424813822999994,5.423228999999992,351356,1
hierarchical-2048-cluster,0,0.1704837139999995,0.16972299999999452,351356,1
hierarchical-2048-random,0,3.9666582890000086,3.9650300000000067,351356,1
hierarchical-scale-8192,0,1.5615748580000002,1.5602770000000055,351356,1
hierarchical-scale-32768,0,8.081500448000014,8.077598000000014,775904,1
certificate-controls,0,0.05348379500000533,0.052538999999998115,775904,1
hierarchical-stream,0,0.971506866999988,0.9702779999999991,775904,1
hierarchical-replay,0,0.9373247099999844,0.9362110000000103,775904,1
