n,family,seed,repeat,method,emitted,blocks,memberships,covered_pairs,cpu_ns,wall_ns
128,empty,101,0,row,0,1,256,16384,0,728143
128,empty,101,0,sparse,0,1,256,16384,0,25738
128,empty,101,1,sparse,0,1,256,16384,0,22013
128,empty,101,1,row,0,1,256,16384,0,782946
128,empty,101,2,row,0,1,256,16384,0,715774
128,empty,101,2,sparse,0,1,256,16384,0,21312
128,empty,202,0,row,0,1,256,16384,0,803206
128,empty,202,0,sparse,0,1,256,16384,0,18187
128,empty,202,1,sparse,0,1,256,16384,0,17606
128,empty,202,1,row,0,1,256,16384,0,764999
128,empty,202,2,row,0,1,256,16384,0,752760
128,empty,202,2,sparse,0,1,256,16384,0,21543
128,empty,303,0,row,0,1,256,16384,0,789705
128,empty,303,0,sparse,0,1,256,16384,0,16665
128,empty,303,1,sparse,0,1,256,16384,0,16786
128,empty,303,1,row,0,1,256,16384,0,732229
128,empty,303,2,row,0,1,256,16384,0,735364
128,empty,303,2,sparse,0,1,256,16384,0,19399
128,diagonal,101,0,row,128,128,16384,16256,4000808,943987
128,diagonal,101,0,sparse,128,254,1792,16256,0,444507
128,diagonal,101,1,sparse,128,254,1792,16256,0,425308
128,diagonal,101,1,row,128,128,16384,16256,0,915935
128,diagonal,101,2,row,128,128,16384,16256,0,817608
128,diagonal,101,2,sparse,128,254,1792,16256,3998815,452860
128,diagonal,202,0,row,128,128,16384,16256,0,919120
128,diagonal,202,0,sparse,128,254,1792,16256,0,420782
128,diagonal,202,1,sparse,128,254,1792,16256,0,416115
128,diagonal,202,1,row,128,128,16384,16256,0,1191258
128,diagonal,202,2,row,128,128,16384,16256,0,863076
128,diagonal,202,2,sparse,128,254,1792,16256,0,444988
128,diagonal,303,0,row,128,128,16384,16256,0,901844
128,diagonal,303,0,sparse,128,254,1792,16256,0,420482
128,diagonal,303,1,sparse,128,254,1792,16256,0,440241
128,diagonal,303,1,row,128,128,16384,16256,3999917,879000
128,diagonal,303,2,row,128,128,16384,16256,3995991,894223
128,diagonal,303,2,sparse,128,254,1792,16256,0,458798
128,row,101,0,row,128,1,255,16256,0,1106111
128,row,101,0,sparse,128,1,255,16256,0,49084
128,row,101,1,sparse,128,1,255,16256,0,46580
128,row,101,1,row,128,1,255,16256,0,755795
128,row,101,2,row,128,1,255,16256,0,994563
128,row,101,2,sparse,128,1,255,16256,0,49575
128,row,202,0,row,128,1,255,16256,0,748444
128,row,202,0,sparse,128,1,255,16256,3998946,67291
128,row,202,1,sparse,128,1,255,16256,0,45969
128,row,202,1,row,128,1,255,16256,0,793381
128,row,202,2,row,128,1,255,16256,3996451,865139
128,row,202,2,sparse,128,1,255,16256,0,51177
128,row,303,0,row,128,1,255,16256,0,870427
128,row,303,0,sparse,128,1,255,16256,0,50817
128,row,303,1,sparse,128,1,255,16256,0,46780
128,row,303,1,row,128,1,255,16256,0,878259
128,row,303,2,row,128,1,255,16256,0,771468
128,row,303,2,sparse,128,1,255,16256,0,51327
128,column,101,0,row,128,1,255,16256,0,885900
128,column,101,0,sparse,128,1,255,16256,4000388,371477
128,column,101,1,sparse,128,1,255,16256,0,347702
128,column,101,1,row,128,1,255,16256,0,842976
128,column,101,2,row,128,1,255,16256,0,883186
128,column,101,2,sparse,128,1,255,16256,0,258929
128,column,202,0,row,128,1,255,16256,0,913671
128,column,202,0,sparse,128,1,255,16256,0,246501
128,column,202,1,sparse,128,1,255,16256,3999226,360381
128,column,202,1,row,128,1,255,16256,0,873702
128,column,202,2,row,128,1,255,16256,0,836026
128,column,202,2,sparse,128,1,255,16256,0,249454
128,column,303,0,row,128,1,255,16256,0,864347
128,column,303,0,sparse,128,1,255,16256,0,266901
128,column,303,1,sparse,128,1,255,16256,0,252840
128,column,303,1,row,128,1,255,16256,0,832971
128,column,303,2,row,128,1,255,16256,3997944,861944
128,column,303,2,sparse,128,1,255,16256,0,256415
128,band,101,0,row,256,128,16256,16128,0,949295
128,band,101,0,sparse,256,254,1790,16128,0,596546
128,band,101,1,sparse,256,254,1790,16128,0,450276
128,band,101,1,row,256,128,16256,16128,0,916907
128,band,101,2,row,256,128,16256,16128,0,833902
128,band,101,2,sparse,256,254,1790,16128,0,551839
128,band,202,0,row,256,128,16256,16128,3931555,987642
128,band,202,0,sparse,256,254,1790,16128,0,545659
128,band,202,1,sparse,256,254,1790,16128,0,452028
128,band,202,1,row,256,128,16256,16128,0,882866
128,band,202,2,row,256,128,16256,16128,3998284,899090
128,band,202,2,sparse,256,254,1790,16128,0,479991
128,band,303,0,row,256,128,16256,16128,0,879040
128,band,303,0,sparse,256,254,1790,16128,0,457477
128,band,303,1,sparse,256,254,1790,16128,0,469465
128,band,303,1,row,256,128,16256,16128,0,893902
128,band,303,2,row,256,128,16256,16128,3998405,895645
128,band,303,2,sparse,256,254,1790,16128,4001429,499059
128,cluster,101,0,row,128,3,492,16256,0,1024608
128,cluster,101,0,sparse,128,3,377,16256,0,89104
128,cluster,101,1,sparse,128,3,377,16256,0,92949
128,cluster,101,1,row,128,3,492,16256,0,777777
128,cluster,101,2,row,128,3,492,16256,0,761263
128,cluster,101,2,sparse,128,3,377,16256,0,88282
128,cluster,202,0,row,128,3,492,16256,0,836536
128,cluster,202,0,sparse,128,3,377,16256,0,83225
128,cluster,202,1,sparse,128,3,377,16256,0,82804
128,cluster,202,1,row,128,3,492,16256,0,831889
128,cluster,202,2,row,128,3,492,16256,0,837588
128,cluster,202,2,sparse,128,3,377,16256,0,100060
128,cluster,303,0,row,128,3,492,16256,0,921103
128,cluster,303,0,sparse,128,3,377,16256,0,85038
128,cluster,303,1,sparse,128,3,377,16256,0,84137
128,cluster,303,1,row,128,3,492,16256,0,822535
128,cluster,303,2,row,128,3,492,16256,0,784027
128,cluster,303,2,sparse,128,3,377,16256,0,85248
128,random,101,0,row,128,73,9353,16256,0,880272
128,random,101,0,sparse,128,160,1479,16256,0,369966
128,random,101,1,sparse,128,160,1479,16256,0,377537
128,random,101,1,row,128,73,9353,16256,0,913651
128,random,101,2,row,128,73,9353,16256,0,881042
128,random,101,2,sparse,128,160,1479,16256,4000939,405949
128,random,202,0,row,128,70,8971,16256,0,924689
128,random,202,0,sparse,128,159,1485,16256,0,372459
128,random,202,1,sparse,128,159,1485,16256,0,365398
128,random,202,1,row,128,70,8971,16256,0,995915
128,random,202,2,row,128,70,8971,16256,0,872720
128,random,202,2,sparse,128,159,1485,16256,0,421904
128,random,303,0,row,128,67,8584,16256,4001960,980502
128,random,303,0,sparse,128,148,1441,16256,0,379940
128,random,303,1,sparse,128,148,1441,16256,0,375544
128,random,303,1,row,128,67,8584,16256,0,910076
128,random,303,2,row,128,67,8584,16256,4000408,923136
128,random,303,2,sparse,128,148,1441,16256,0,372519
