mask,pending,emitted,positive_width,boolean_width,rational_rank,row_width,sparse_width,sparse_memberships
0,0,9,0,0,0,0,0,0
1,1,8,1,1,1,1,1,2
2,1,8,1,1,1,1,1,2
3,2,7,1,1,1,1,1,3
4,1,8,1,1,1,1,1,2
5,2,7,1,1,1,1,1,3
6,2,7,1,1,1,1,1,3
7,3,6,1,1,1,1,1,4
8,1,8,1,1,1,1,1,2
9,2,7,1,1,1,1,2,4
10,2,7,2,2,2,2,2,4
11,3,6,2,2,2,2,2,5
12,2,7,2,2,2,2,2,4
13,3,6,2,2,2,2,2,5
14,3,6,2,2,2,2,2,5
15,4,5,2,2,2,2,2,6
16,1,8,1,1,1,1,1,2
17,2,7,2,2,2,2,2,4
18,2,7,1,1,1,1,2,4
19,3,6,2,2,2,2,2,5
20,2,7,2,2,2,2,2,4
21,3,6,2,2,2,2,2,5
22,3,6,2,2,2,2,2,5
23,4,5,2,2,2,2,2,6
24,2,7,1,1,1,1,1,3
25,3,6,2,2,2,2,2,5
26,3,6,2,2,2,2,2,5
27,4,5,1,1,1,1,2,6
28,3,6,2,2,2,2,2,5
29,4,5,2,2,2,2,2,6
30,4,5,2,2,2,2,2,6
31,5,4,2,2,2,2,2,7
32,1,8,1,1,1,1,1,2
33,2,7,2,2,2,2,2,4
34,2,7,2,2,2,2,2,4
35,3,6,2,2,2,2,2,5
36,2,7,1,1,1,1,2,4
37,3,6,2,2,2,2,2,5
38,3,6,2,2,2,2,2,5
39,4,5,2,2,2,2,2,6
40,2,7,1,1,1,1,1,3
41,3,6,2,2,2,2,2,5
42,3,6,2,2,2,2,2,5
43,4,5,2,2,2,2,2,6
44,3,6,2,2,2,2,2,5
45,4,5,1,1,1,1,2,6
46,4,5,2,2,2,2,2,6
47,5,4,2,2,2,2,2,7
48,2,7,1,1,1,1,1,3
49,3,6,2,2,2,2,2,5
50,3,6,2,2,2,2,2,5
51,4,5,2,2,2,2,2,6
52,3,6,2,2,2,2,2,5
53,4,5,2,2,2,2,2,6
54,4,5,1,1,1,1,2,6
55,5,4,2,2,2,2,2,7
56,3,6,1,1,1,1,1,4
57,4,5,2,2,2,2,2,6
58,4,5,2,2,2,2,2,6
59,5,4,2,2,2,2,2,7
60,4,5,2,2,2,2,2,6
61,5,4,2,2,2,2,2,7
62,5,4,2,2,2,2,2,7
63,6,3,1,1,1,1,1,5
64,1,8,1,1,1,1,1,2
65,2,7,1,1,1,1,2,4
66,2,7,2,2,2,2,2,4
67,3,6,2,2,2,2,2,5
68,2,7,2,2,2,2,2,4
69,3,6,2,2,2,2,2,5
70,3,6,2,2,2,2,2,5
71,4,5,2,2,2,2,2,6
72,2,7,1,1,1,1,1,3
73,3,6,1,1,1,1,1,4
74,3,6,2,2,2,2,2,5
75,4,5,2,2,2,2,2,6
76,3,6,2,2,2,2,2,5
77,4,5,2,2,2,2,2,6
78,4,5,2,2,2,2,2,6
79,5,4,2,2,2,2,2,7
80,2,7,2,2,2,2,2,4
81,3,6,2,2,2,2,3,6
82,3,6,2,2,2,2,3,6
83,4,5,2,2,2,3,3,7
84,3,6,3,3,3,3,3,6
85,4,5,3,3,3,3,3,7
86,4,5,3,3,3,3,3,7
87,5,4,3,3,3,3,3,8
88,3,6,2,2,2,2,2,5
89,4,5,2,2,2,2,2,6
90,4,5,2,2,2,3,3,7
91,5,4,2,2,2,2,3,8
92,4,5,3,3,3,3,3,7
93,5,4,3,3,3,3,3,8
94,5,4,3,3,3,3,3,8
95,6,3,3,3,3,3,3,9
96,2,7,2,2,2,2,2,4
97,3,6,2,2,2,2,3,6
98,3,6,3,3,3,3,3,6
99,4,5,3,3,3,3,3,7
100,3,6,2,2,2,2,3,6
101,4,5,2,2,2,3,3,7
102,4,5,3,3,3,3,3,7
103,5,4,3,3,3,3,3,8
104,3,6,2,2,2,2,2,5
105,4,5,2,2,2,2,2,6
106,4,5,3,3,3,3,3,7
107,5,4,3,3,3,3,3,8
108,4,5,2,2,2,3,3,7
109,5,4,2,2,2,2,3,8
110,5,4,3,3,3,3,3,8
111,6,3,3,3,3,3,3,9
112,3,6,2,2,2,2,2,5
113,4,5,2,2,2,2,3,7
114,4,5,3,3,3,3,3,7
115,5,4,3,3,3,3,3,8
116,4,5,3,3,3,3,3,7
117,5,4,3,3,3,3,3,8
118,5,4,2,2,2,2,3,8
119,6,3,2,2,2,3,3,9
120,4,5,2,2,2,2,2,6
121,5,4,2,2,2,2,2,7
122,5,4,3,3,3,3,3,8
123,6,3,3,3,3,3,3,9
124,5,4,3,3,3,3,3,8
125,6,3,3,3,3,3,3,9
126,6,3,2,2,2,3,3,9
127,7,2,2,2,2,2,2,7
128,1,8,1,1,1,1,1,2
129,2,7,2,2,2,2,2,4
130,2,7,1,1,1,1,2,4
131,3,6,2,2,2,2,2,5
132,2,7,2,2,2,2,2,4
133,3,6,2,2,2,2,2,5
134,3,6,2,2,2,2,2,5
135,4,5,2,2,2,2,2,6
136,2,7,2,2,2,2,2,4
137,3,6,2,2,2,2,3,6
138,3,6,2,2,2,2,3,6
139,4,5,2,2,2,3,3,7
140,3,6,3,3,3,3,3,6
141,4,5,3,3,3,3,3,7
142,4,5,3,3,3,3,3,7
143,5,4,3,3,3,3,3,8
144,2,7,1,1,1,1,1,3
145,3,6,2,2,2,2,2,5
146,3,6,1,1,1,1,1,4
147,4,5,2,2,2,2,2,6
148,3,6,2,2,2,2,2,5
149,4,5,2,2,2,2,2,6
150,4,5,2,2,2,2,2,6
151,5,4,2,2,2,2,2,7
152,3,6,2,2,2,2,2,5
153,4,5,2,2,2,3,3,7
154,4,5,2,2,2,2,2,6
155,5,4,2,2,2,2,3,8
156,4,5,3,3,3,3,3,7
157,5,4,3,3,3,3,3,8
158,5,4,3,3,3,3,3,8
159,6,3,3,3,3,3,3,9
160,2,7,2,2,2,2,2,4
161,3,6,3,3,3,3,3,6
162,3,6,2,2,2,2,3,6
163,4,5,3,3,3,3,3,7
164,3,6,2,2,2,2,3,6
165,4,5,3,3,3,3,3,7
166,4,5,2,2,2,3,3,7
167,5,4,3,3,3,3,3,8
168,3,6,2,2,2,2,2,5
169,4,5,3,3,3,3,3,7
170,4,5,2,2,2,2,3,7
171,5,4,3,3,3,3,3,8
172,4,5,3,3,3,3,3,7
173,5,4,2,2,2,2,3,8
174,5,4,3,3,3,3,3,8
175,6,3,2,2,2,3,3,9
176,3,6,2,2,2,2,2,5
177,4,5,3,3,3,3,3,7
178,4,5,2,2,2,2,2,6
179,5,4,3,3,3,3,3,8
180,4,5,2,2,2,3,3,7
181,5,4,3,3,3,3,3,8
182,5,4,2,2,2,2,3,8
183,6,3,3,3,3,3,3,9
184,4,5,2,2,2,2,2,6
185,5,4,3,3,3,3,3,8
186,5,4,2,2,2,2,2,7
187,6,3,3,3,3,3,3,9
188,5,4,3,3,3,3,3,8
189,6,3,2,2,2,3,3,9
190,6,3,3,3,3,3,3,9
191,7,2,2,2,2,2,2,7
192,2,7,1,1,1,1,1,3
193,3,6,2,2,2,2,2,5
194,3,6,2,2,2,2,2,5
195,4,5,1,1,1,1,2,6
196,3,6,2,2,2,2,2,5
197,4,5,2,2,2,2,2,6
198,4,5,2,2,2,2,2,6
199,5,4,2,2,2,2,2,7
200,3,6,2,2,2,2,2,5
201,4,5,2,2,2,2,2,6
202,4,5,2,2,2,3,3,7
203,5,4,2,2,2,2,3,8
204,4,5,3,3,3,3,3,7
205,5,4,3,3,3,3,3,8
206,5,4,3,3,3,3,3,8
207,6,3,3,3,3,3,3,9
208,3,6,2,2,2,2,2,5
209,4,5,2,2,2,3,3,7
210,4,5,2,2,2,2,2,6
211,5,4,2,2,2,2,3,8
212,4,5,3,3,3,3,3,7
213,5,4,3,3,3,3,3,8
214,5,4,3,3,3,3,3,8
215,6,3,3,3,3,3,3,9
216,4,5,1,1,1,1,1,4
217,5,4,2,2,2,2,2,7
218,5,4,2,2,2,2,2,7
219,6,3,1,1,1,1,1,5
220,5,4,2,2,2,2,2,6
221,6,3,2,2,2,2,3,9
222,6,3,2,2,2,2,3,9
223,7,2,2,2,2,2,2,8
224,3,6,2,2,2,2,2,5
225,4,5,3,3,3,3,3,7
226,4,5,3,3,3,3,3,7
227,5,4,2,2,2,2,3,8
228,4,5,2,2,2,2,3,7
229,5,4,3,3,3,3,3,8
230,5,4,3,3,3,3,3,8
231,6,3,2,2,2,3,3,9
232,4,5,2,2,2,2,3,7
233,5,4,3,3,3,3,3,8
234,5,4,3,3,3,3,4,9
235,6,3,2,2,2,2,4,10
236,5,4,3,3,3,3,4,9
237,6,3,2,2,2,2,4,10
238,6,3,3,3,3,3,4,10
239,7,2,3,2,3,3,4,11
240,4,5,2,2,2,2,3,7
241,5,4,3,3,3,3,4,9
242,5,4,3,3,3,3,3,8
243,6,3,2,2,2,2,4,10
244,5,4,3,3,3,3,4,9
245,6,3,3,3,3,3,4,10
246,6,3,2,2,2,2,4,10
247,7,2,3,2,3,3,4,11
248,5,4,2,2,2,2,2,7
249,6,3,3,3,3,3,3,9
250,6,3,3,3,3,3,3,9
251,7,2,2,2,2,2,2,8
252,6,3,2,2,2,3,3,9
253,7,2,3,2,3,3,4,11
254,7,2,3,2,3,3,4,11
255,8,1,2,2,2,2,2,8
256,1,8,1,1,1,1,1,2
257,2,7,2,2,2,2,2,4
258,2,7,2,2,2,2,2,4
259,3,6,2,2,2,2,2,5
260,2,7,1,1,1,1,2,4
261,3,6,2,2,2,2,2,5
262,3,6,2,2,2,2,2,5
263,4,5,2,2,2,2,2,6
264,2,7,2,2,2,2,2,4
265,3,6,2,2,2,2,3,6
266,3,6,3,3,3,3,3,6
267,4,5,3,3,3,3,3,7
268,3,6,2,2,2,2,3,6
269,4,5,2,2,2,3,3,7
270,4,5,3,3,3,3,3,7
271,5,4,3,3,3,3,3,8
272,2,7,2,2,2,2,2,4
273,3,6,3,3,3,3,3,6
274,3,6,2,2,2,2,3,6
275,4,5,3,3,3,3,3,7
276,3,6,2,2,2,2,3,6
277,4,5,3,3,3,3,3,7
278,4,5,2,2,2,3,3,7
279,5,4,3,3,3,3,3,8
280,3,6,2,2,2,2,2,5
281,4,5,3,3,3,3,3,7
282,4,5,3,3,3,3,3,7
283,5,4,2,2,2,2,3,8
284,4,5,2,2,2,2,3,7
285,5,4,3,3,3,3,3,8
286,5,4,3,3,3,3,3,8
287,6,3,2,2,2,3,3,9
288,2,7,1,1,1,1,1,3
289,3,6,2,2,2,2,2,5
290,3,6,2,2,2,2,2,5
291,4,5,2,2,2,2,2,6
292,3,6,1,1,1,1,1,4
293,4,5,2,2,2,2,2,6
294,4,5,2,2,2,2,2,6
295,5,4,2,2,2,2,2,7
296,3,6,2,2,2,2,2,5
297,4,5,2,2,2,3,3,7
298,4,5,3,3,3,3,3,7
299,5,4,3,3,3,3,3,8
300,4,5,2,2,2,2,2,6
301,5,4,2,2,2,2,3,8
302,5,4,3,3,3,3,3,8
303,6,3,3,3,3,3,3,9
304,3,6,2,2,2,2,2,5
305,4,5,3,3,3,3,3,7
306,4,5,2,2,2,3,3,7
307,5,4,3,3,3,3,3,8
308,4,5,2,2,2,2,2,6
309,5,4,3,3,3,3,3,8
310,5,4,2,2,2,2,3,8
311,6,3,3,3,3,3,3,9
312,4,5,2,2,2,2,2,6
313,5,4,3,3,3,3,3,8
314,5,4,3,3,3,3,3,8
315,6,3,2,2,2,3,3,9
316,5,4,2,2,2,2,2,7
317,6,3,3,3,3,3,3,9
318,6,3,3,3,3,3,3,9
319,7,2,2,2,2,2,2,7
320,2,7,1,1,1,1,1,3
321,3,6,2,2,2,2,2,5
322,3,6,2,2,2,2,2,5
323,4,5,2,2,2,2,2,6
324,3,6,2,2,2,2,2,5
325,4,5,1,1,1,1,2,6
326,4,5,2,2,2,2,2,6
327,5,4,2,2,2,2,2,7
328,3,6,2,2,2,2,2,5
329,4,5,2,2,2,2,2,6
330,4,5,3,3,3,3,3,7
331,5,4,3,3,3,3,3,8
332,4,5,2,2,2,3,3,7
333,5,4,2,2,2,2,3,8
334,5,4,3,3,3,3,3,8
335,6,3,3,3,3,3,3,9
336,3,6,2,2,2,2,2,5
337,4,5,3,3,3,3,3,7
338,4,5,2,2,2,2,3,7
339,5,4,3,3,3,3,3,8
340,4,5,3,3,3,3,3,7
341,5,4,2,2,2,2,3,8
342,5,4,3,3,3,3,3,8
343,6,3,2,2,2,3,3,9
344,4,5,2,2,2,2,3,7
345,5,4,3,3,3,3,3,8
346,5,4,3,3,3,3,4,9
347,6,3,2,2,2,2,4,10
348,5,4,3,3,3,3,4,9
349,6,3,2,2,2,2,4,10
350,6,3,3,3,3,3,4,10
351,7,2,3,2,3,3,4,11
352,3,6,2,2,2,2,2,5
353,4,5,2,2,2,3,3,7
354,4,5,3,3,3,3,3,7
355,5,4,3,3,3,3,3,8
356,4,5,2,2,2,2,2,6
357,5,4,2,2,2,2,3,8
358,5,4,3,3,3,3,3,8
359,6,3,3,3,3,3,3,9
360,4,5,1,1,1,1,1,4
361,5,4,2,2,2,2,2,7
362,5,4,2,2,2,2,2,6
363,6,3,2,2,2,2,3,9
364,5,4,2,2,2,2,2,7
365,6,3,1,1,1,1,1,5
366,6,3,2,2,2,2,3,9
367,7,2,2,2,2,2,2,8
368,4,5,2,2,2,2,3,7
369,5,4,3,3,3,3,4,9
370,5,4,3,3,3,3,4,9
371,6,3,3,3,3,3,4,10
372,5,4,3,3,3,3,3,8
373,6,3,2,2,2,2,4,10
374,6,3,2,2,2,2,4,10
375,7,2,3,2,3,3,4,11
376,5,4,2,2,2,2,2,7
377,6,3,3,3,3,3,3,9
378,6,3,2,2,2,3,3,9
379,7,2,3,2,3,3,4,11
380,6,3,3,3,3,3,3,9
381,7,2,2,2,2,2,2,8
382,7,2,3,2,3,3,4,11
383,8,1,2,2,2,2,2,8
384,2,7,1,1,1,1,1,3
385,3,6,2,2,2,2,2,5
386,3,6,2,2,2,2,2,5
387,4,5,2,2,2,2,2,6
388,3,6,2,2,2,2,2,5
389,4,5,2,2,2,2,2,6
390,4,5,1,1,1,1,2,6
391,5,4,2,2,2,2,2,7
392,3,6,2,2,2,2,2,5
393,4,5,2,2,2,2,3,7
394,4,5,3,3,3,3,3,7
395,5,4,3,3,3,3,3,8
396,4,5,3,3,3,3,3,7
397,5,4,3,3,3,3,3,8
398,5,4,2,2,2,2,3,8
399,6,3,2,2,2,3,3,9
400,3,6,2,2,2,2,2,5
401,4,5,3,3,3,3,3,7
402,4,5,2,2,2,2,2,6
403,5,4,3,3,3,3,3,8
404,4,5,2,2,2,3,3,7
405,5,4,3,3,3,3,3,8
406,5,4,2,2,2,2,3,8
407,6,3,3,3,3,3,3,9
408,4,5,2,2,2,2,3,7
409,5,4,3,3,3,3,4,9
410,5,4,3,3,3,3,3,8
411,6,3,2,2,2,2,4,10
412,5,4,3,3,3,3,4,9
413,6,3,3,3,3,3,4,10
414,6,3,2,2,2,2,4,10
415,7,2,3,2,3,3,4,11
416,3,6,2,2,2,2,2,5
417,4,5,3,3,3,3,3,7
418,4,5,2,2,2,3,3,7
419,5,4,3,3,3,3,3,8
420,4,5,2,2,2,2,2,6
421,5,4,3,3,3,3,3,8
422,5,4,2,2,2,2,3,8
423,6,3,3,3,3,3,3,9
424,4,5,2,2,2,2,3,7
425,5,4,3,3,3,3,4,9
426,5,4,3,3,3,3,4,9
427,6,3,3,3,3,3,4,10
428,5,4,3,3,3,3,3,8
429,6,3,2,2,2,2,4,10
430,6,3,2,2,2,2,4,10
431,7,2,3,2,3,3,4,11
432,4,5,1,1,1,1,1,4
433,5,4,2,2,2,2,2,6
434,5,4,2,2,2,2,2,7
435,6,3,2,2,2,2,3,9
436,5,4,2,2,2,2,2,7
437,6,3,2,2,2,2,3,9
438,6,3,1,1,1,1,1,5
439,7,2,2,2,2,2,2,8
440,5,4,2,2,2,2,2,7
441,6,3,2,2,2,3,3,9
442,6,3,3,3,3,3,3,9
443,7,2,3,2,3,3,4,11
444,6,3,3,3,3,3,3,9
445,7,2,3,2,3,3,4,11
446,7,2,2,2,2,2,2,8
447,8,1,2,2,2,2,2,8
448,3,6,1,1,1,1,1,4
449,4,5,2,2,2,2,2,6
450,4,5,2,2,2,2,2,6
451,5,4,2,2,2,2,2,7
452,4,5,2,2,2,2,2,6
453,5,4,2,2,2,2,2,7
454,5,4,2,2,2,2,2,7
455,6,3,1,1,1,1,1,5
456,4,5,2,2,2,2,2,6
457,5,4,2,2,2,2,2,7
458,5,4,3,3,3,3,3,8
459,6,3,3,3,3,3,3,9
460,5,4,3,3,3,3,3,8
461,6,3,3,3,3,3,3,9
462,6,3,2,2,2,3,3,9
463,7,2,2,2,2,2,2,7
464,4,5,2,2,2,2,2,6
465,5,4,3,3,3,3,3,8
466,5,4,2,2,2,2,2,7
467,6,3,3,3,3,3,3,9
468,5,4,3,3,3,3,3,8
469,6,3,2,2,2,3,3,9
470,6,3,3,3,3,3,3,9
471,7,2,2,2,2,2,2,7
472,5,4,2,2,2,2,2,7
473,6,3,3,3,3,3,3,9
474,6,3,3,3,3,3,3,9
475,7,2,2,2,2,2,2,8
476,6,3,2,2,2,3,3,9
477,7,2,3,2,3,3,4,11
478,7,2,3,2,3,3,4,11
479,8,1,2,2,2,2,2,8
480,4,5,2,2,2,2,2,6
481,5,4,3,3,3,3,3,8
482,5,4,3,3,3,3,3,8
483,6,3,2,2,2,3,3,9
484,5,4,2,2,2,2,2,7
485,6,3,3,3,3,3,3,9
486,6,3,3,3,3,3,3,9
487,7,2,2,2,2,2,2,7
488,5,4,2,2,2,2,2,7
489,6,3,3,3,3,3,3,9
490,6,3,2,2,2,3,3,9
491,7,2,3,2,3,3,4,11
492,6,3,3,3,3,3,3,9
493,7,2,2,2,2,2,2,8
494,7,2,3,2,3,3,4,11
495,8,1,2,2,2,2,2,8
496,5,4,2,2,2,2,2,7
497,6,3,2,2,2,3,3,9
498,6,3,3,3,3,3,3,9
499,7,2,3,2,3,3,4,11
500,6,3,3,3,3,3,3,9
501,7,2,3,2,3,3,4,11
502,7,2,2,2,2,2,2,8
503,8,1,2,2,2,2,2,8
504,6,3,1,1,1,1,1,5
505,7,2,2,2,2,2,2,7
506,7,2,2,2,2,2,2,7
507,8,1,2,2,2,2,2,8
508,7,2,2,2,2,2,2,7
509,8,1,2,2,2,2,2,8
510,8,1,2,2,2,2,2,8
511,9,0,1,1,1,1,1,6
