n,family,seed,regime,repeat,holes,optimized_cost,canonical_cost,optimized_blocks,canonical_blocks,states,height,optimized_seconds,canonical_seconds,certificate_seconds,payload_memberships
2048,band,1701,unit,0,4096,45052,45054,2732,4094,40963,11,0.1364645509993352,0.008257628999672306,0.20864656699995976,45052
2048,band,1701,unit,1,4096,45052,45054,2732,4094,40963,11,0.08659416099999362,0.005506980999598454,0.21520531099940854,45052
2048,band,1701,unit,2,4096,45052,45054,2732,4094,40963,11,0.09025638200000685,0.0070323929994629,0.2129664469994168,45052
2048,band,1701,encoded,0,4096,636192,876496,2388,4094,40963,11,0.160672975000125,0.00832505400012451,0.15864320599939674,49148
2048,band,1701,encoded,1,4096,636192,876496,2388,4094,40963,11,0.16165421799996693,0.006314524000117672,0.23871273799977644,49148
2048,band,1701,encoded,2,4096,636192,876496,2388,4094,40963,11,0.09645225799977197,0.008309961000122712,0.2411680549994344,49148
2048,band,2718,unit,0,4096,45052,45054,2732,4094,40963,11,0.09093170600044687,0.008355095999831974,0.21472282699960488,45052
2048,band,2718,unit,1,4096,45052,45054,2732,4094,40963,11,0.15521161099968594,0.006501431999822671,0.14726949600026273,45052
2048,band,2718,unit,2,4096,45052,45054,2732,4094,40963,11,0.17975629400007165,0.008235465999860025,0.2368936169996232,45052
2048,band,2718,encoded,0,4096,636192,876496,2388,4094,40963,11,0.09310517699941556,0.007142614999793295,0.23257854699932068,49148
2048,band,2718,encoded,1,4096,636192,876496,2388,4094,40963,11,0.09170822999931261,0.006406268999853637,0.22157810099997732,49148
2048,band,2718,encoded,2,4096,636192,876496,2388,4094,40963,11,0.1519615609995526,0.006931867999810493,0.15800020799997583,49148
2048,band,3141,unit,0,4096,45052,45054,2732,4094,40963,11,0.15085039200039319,0.007717657999819494,0.23273054499986756,45052
2048,band,3141,unit,1,4096,45052,45054,2732,4094,40963,11,0.09545020899986412,0.0066850980001618154,0.2297873259994958,45052
2048,band,3141,unit,2,4096,45052,45054,2732,4094,40963,11,0.09625498700006574,0.007429635000335111,0.22713600499992026,45052
2048,band,3141,encoded,0,4096,636192,876496,2388,4094,40963,11,0.15562109600068652,0.008267864000117697,0.15274805100034428,49148
2048,band,3141,encoded,1,4096,636192,876496,2388,4094,40963,11,0.16564544700031547,0.006373649999659392,0.23881458099913289,49148
2048,band,3141,encoded,2,4096,636192,876496,2388,4094,40963,11,0.09320700100033719,0.00868641299985029,0.228518251999958,49148
