seed,drift,switches,final_left,final_right,output_pairs
601,0,16,6,6,12
601,1,16,11,9,28
601,2,16,16,12,62
601,4,16,19,25,157
602,0,16,6,6,12
602,1,16,12,12,48
602,2,16,18,17,103
602,4,16,20,25,164
603,0,16,6,6,12
603,1,16,9,10,30
603,2,16,14,13,60
603,4,16,23,20,154
604,0,16,6,6,12
604,1,16,12,9,36
604,2,16,14,16,72
604,4,16,22,18,136
605,0,16,6,6,12
605,1,16,10,7,23
605,2,16,13,8,36
605,4,16,26,26,231
606,0,16,6,6,12
606,1,16,9,10,30
606,2,16,11,18,66
606,4,16,18,25,150
607,0,16,6,6,12
607,1,16,8,11,28
607,2,16,16,13,72
607,4,16,19,15,95
608,0,16,6,6,12
608,1,16,13,13,51
608,2,16,16,14,80
608,4,16,23,24,185
609,0,16,6,6,12
609,1,16,9,10,31
609,2,16,17,17,94
609,4,16,21,25,171
610,0,16,6,6,12
610,1,16,14,9,42
610,2,16,12,11,42
610,4,16,20,23,156
611,0,16,6,6,12
611,1,16,10,9,32
611,2,16,10,15,45
611,4,16,23,19,141
612,0,16,6,6,12
612,1,16,10,7,22
612,2,16,12,15,62
612,4,16,19,19,139
613,0,16,6,6,12
613,1,16,11,10,37
613,2,16,16,11,62
613,4,16,22,25,180
614,0,16,6,6,12
614,1,16,12,9,36
614,2,16,12,16,63
614,4,16,26,28,234
615,0,16,6,6,12
615,1,16,8,11,32
615,2,16,13,18,73
615,4,16,19,25,163
616,0,16,6,6,12
616,1,16,8,8,22
616,2,16,16,12,66
616,4,16,29,22,194
617,0,16,6,6,12
617,1,16,11,8,31
617,2,16,16,17,92
617,4,16,19,25,145
618,0,16,6,6,12
618,1,16,9,13,38
618,2,16,11,14,54
618,4,16,10,25,78
619,0,16,6,6,12
619,1,16,10,7,23
619,2,16,10,17,56
619,4,16,16,24,126
620,0,16,6,6,12
620,1,16,8,9,23
620,2,16,18,11,66
620,4,16,21,18,126
621,0,16,6,6,12
621,1,16,13,8,34
621,2,16,19,12,78
621,4,16,29,20,195
622,0,16,6,6,12
622,1,16,7,12,26
622,2,16,18,13,77
622,4,16,15,24,120
623,0,16,6,6,12
623,1,16,8,11,30
623,2,16,18,12,69
623,4,16,17,29,164
624,0,16,6,6,12
624,1,16,10,12,40
624,2,16,14,9,44
624,4,16,18,20,124
