n,family,seed,repeat,method,emitted,blocks,memberships,covered_pairs,cpu_ns,wall_ns
32768,diagonal,101,0,sparse,32768,65534,983040,1073709056,183995381,186182962
32768,diagonal,101,1,sparse,32768,65534,983040,1073709056,239770415,242507289
32768,diagonal,101,2,sparse,32768,65534,983040,1073709056,247967731,247035508
32768,diagonal,202,0,sparse,32768,65534,983040,1073709056,255997690,254689848
32768,diagonal,202,1,sparse,32768,65534,983040,1073709056,263872237,263050263
32768,diagonal,202,2,sparse,32768,65534,983040,1073709056,280521599,282895937
32768,diagonal,303,0,sparse,32768,65534,983040,1073709056,259976305,259840344
32768,diagonal,303,1,sparse,32768,65534,983040,1073709056,243966883,245973685
32768,diagonal,303,2,sparse,32768,65534,983040,1073709056,255932222,257523054
