seed,drift,epochs,transitions,left,right,output_terms,max_regions,max_memberships,mismatches
0,0,16,46,6,6,12,5,14,0
0,1,16,61,14,8,42,10,27,0
0,2,16,63,14,16,80,20,73,0
0,4,16,53,30,26,260,48,282,0
1,0,16,46,6,6,12,4,13,0
1,1,16,62,8,11,29,6,15,0
1,2,16,49,13,11,47,16,49,0
1,4,16,58,26,20,163,40,173,0
2,0,16,46,6,6,12,6,15,0
2,1,16,64,13,8,35,6,14,0
2,2,16,52,14,21,90,26,98,0
2,4,16,49,30,27,264,47,289,0
3,0,16,46,6,6,12,5,13,0
3,1,16,57,9,11,35,8,22,0
3,2,16,59,13,12,50,11,36,0
3,4,16,55,20,13,90,22,89,0
4,0,16,46,6,6,12,5,14,0
4,1,16,51,13,12,48,18,49,0
4,2,16,56,13,17,66,21,64,0
4,4,16,62,26,22,184,33,163,0
5,0,16,46,6,6,12,5,13,0
5,1,16,52,10,11,35,11,28,0
5,2,16,55,17,12,72,19,69,0
5,4,16,60,14,18,79,22,73,0
6,0,16,46,6,6,12,5,12,0
6,1,16,62,9,10,30,9,24,0
6,2,16,67,14,15,73,17,57,0
6,4,16,43,25,21,170,35,179,0
7,0,16,46,6,6,12,6,14,0
7,1,16,55,11,8,30,8,20,0
7,2,16,58,11,13,48,13,34,0
7,4,16,62,29,15,146,35,143,0
8,0,16,46,6,6,12,6,15,0
8,1,16,64,9,10,30,7,19,0
8,2,16,51,14,12,64,16,63,0
8,4,16,55,28,22,203,40,205,0
9,0,16,46,6,6,12,5,13,0
9,1,16,49,9,12,42,13,40,0
9,2,16,55,12,13,53,15,47,0
9,4,16,57,22,31,242,39,221,0
10,0,16,46,6,6,12,5,12,0
10,1,16,59,9,8,25,6,15,0
10,2,16,58,11,18,66,18,61,0
10,4,16,53,24,23,186,39,195,0
11,0,16,46,6,6,12,4,13,0
11,1,16,64,9,9,30,8,20,0
11,2,16,56,15,17,95,23,95,0
11,4,16,60,22,19,139,29,137,0
12,0,16,46,6,6,12,5,13,0
12,1,16,53,8,13,34,11,29,0
12,2,16,59,13,12,50,12,37,0
12,4,16,62,20,24,155,35,154,0
13,0,16,46,6,6,12,5,12,0
13,1,16,61,11,8,32,5,15,0
13,2,16,55,12,12,48,10,37,0
13,4,16,60,20,18,105,27,104,0
14,0,16,46,6,6,12,4,10,0
14,1,16,56,8,12,31,6,15,0
14,2,16,68,16,17,90,22,78,0
14,4,16,54,20,20,128,28,125,0
15,0,16,46,6,6,12,6,15,0
15,1,16,54,10,6,20,7,17,0
15,2,16,59,13,13,55,13,45,0
15,4,16,47,20,21,123,32,136,0
16,0,16,46,6,6,12,5,13,0
16,1,16,56,12,11,42,13,39,0
16,2,16,61,15,16,80,21,76,0
16,4,16,59,25,23,215,40,213,0
17,0,16,46,6,6,12,5,14,0
17,1,16,54,11,10,35,9,26,0
17,2,16,55,12,16,61,19,59,0
17,4,16,60,19,22,137,30,133,0
18,0,16,46,6,6,12,6,14,0
18,1,16,56,8,10,27,6,14,0
18,2,16,68,12,18,72,15,51,0
18,4,16,68,29,25,241,43,220,0
19,0,16,46,6,6,12,6,14,0
19,1,16,65,9,12,36,8,21,0
19,2,16,58,18,13,63,19,57,0
19,4,16,59,16,23,110,24,101,0
20,0,16,46,6,6,12,6,15,0
20,1,16,54,8,8,20,5,15,0
20,2,16,53,13,16,72,19,73,0
20,4,16,58,25,17,132,35,141,0
21,0,16,46,6,6,12,4,12,0
21,1,16,62,10,11,38,8,26,0
21,2,16,57,11,15,57,13,44,0
21,4,16,58,28,25,217,41,216,0
22,0,16,46,6,6,12,6,15,0
22,1,16,49,10,9,29,9,23,0
22,2,16,53,13,16,73,21,75,0
22,4,16,55,21,20,136,35,144,0
23,0,16,46,6,6,12,5,12,0
23,1,16,52,7,8,18,8,18,0
23,2,16,60,14,15,71,19,64,0
23,4,16,57,23,18,138,33,146,0
