n,family,regime,timing_rows,distinct_supports,holes_median,holes_min,holes_max,optimized_cost_median,optimized_cost_min,optimized_cost_max,canonical_cost_median,canonical_cost_min,canonical_cost_max,optimized_blocks_median,optimized_blocks_min,optimized_blocks_max,canonical_blocks_median,canonical_blocks_min,canonical_blocks_max,states_median,states_min,states_max,height_median,height_min,height_max,payload_memberships_median,payload_memberships_min,payload_memberships_max,optimized_seconds_median,optimized_seconds_min,optimized_seconds_max,canonical_seconds_median,canonical_seconds_min,canonical_seconds_max,certificate_seconds_median,certificate_seconds_min,certificate_seconds_max,payload_ratio_median
32,band,encoded,9,1,64,64,64,4896,4896,4896,6736,6736,6736,36,36,36,62,62,62,259,259,259,5,5,5,380,380,380,0.000595272999817098,0.000517736999427143,0.003258282000388135,7.899899992480641e-05,6.950399983907118e-05,0.00039237900000443915,0.0008090639994406956,0.0007187290002548252,0.0010716079996200278,1.3758169934640523
32,band,unit,9,1,64,64,64,316,316,316,318,318,318,44,44,44,62,62,62,259,259,259,5,5,5,316,316,316,0.0006988590002947603,0.0004930899995088112,0.001411429000654607,7.58440000936389e-05,7.080599971232004e-05,9.113699979934609e-05,0.0009529310000289115,0.0007055500000205939,0.001518399000815407,1.0063291139240507
32,cluster,encoded,9,1,32,32,32,1472,1472,1472,1968,1968,1968,3,3,3,3,3,3,29,29,29,4,4,4,95,95,95,0.00010440699952596333,9.845699969446287e-05,0.0002912479994847672,1.8697999621508643e-05,1.780599995981902e-05,2.2795000404585153e-05,0.00013702599972020835,0.0001288739995288779,0.00015465300020878203,1.3369565217391304
32,cluster,unit,9,1,32,32,32,93,93,93,93,93,93,3,3,3,3,3,3,29,29,29,4,4,4,93,93,93,0.0001058389998433995,9.562399918650044e-05,0.00025095700038946234,1.961999987543095e-05,1.7545999980939087e-05,6.132200087449746e-05,0.0001358740000796388,0.00012218299980304437,0.00020453700017242227,1.0
32,column,encoded,9,1,32,32,32,1160,1160,1160,1160,1160,1160,1,1,1,1,1,1,125,125,125,5,5,5,63,63,63,0.0002776470000753761,0.00026826199973584153,0.0004953630004820297,3.219799964426784e-05,3.109600038442295e-05,5.98599999648286e-05,0.00039416200070263585,0.00036798200017074123,0.0025989220002884394,1.0
32,column,unit,9,1,32,32,32,63,63,63,63,63,63,1,1,1,1,1,1,125,125,125,5,5,5,63,63,63,0.0002816119995259214,0.0002664700004970655,0.00046334600028785644,3.312999979243614e-05,3.101699985563755e-05,6.499799928860739e-05,0.0004432260002431576,0.0003672009997899295,0.0012502070003392873,1.0
32,diagonal,encoded,9,1,32,32,32,4928,4928,4928,6752,6752,6752,36,36,36,62,62,62,259,259,259,5,5,5,384,384,384,0.0005397699997047312,0.0004875820004599518,0.002786172999549308,6.716100051562535e-05,6.263399973249761e-05,0.0003476010006124852,0.0007418039995172876,0.0007018129999778466,0.0011448289997133543,1.37012987012987
32,diagonal,unit,9,1,32,32,32,320,320,320,320,320,320,42,42,42,62,62,62,259,259,259,5,5,5,320,320,320,0.0006475320005847607,0.00046446699980151607,0.0007775379999657162,6.915399990248261e-05,6.108100023993757e-05,0.00014227300016500521,0.0007432160000462318,0.0006742230007148464,0.0017386299996360322,1.0
32,empty,encoded,9,1,0,0,0,1168,1168,1168,1168,1168,1168,1,1,1,1,1,1,1,1,1,0,0,0,64,64,64,3.224800002499251e-05,2.8972999643883668e-05,0.0001807710004868568,7.871999514463823e-06,6.7099999796482734e-06,1.4041000213182997e-05,3.500300044834148e-05,3.078600002481835e-05,4.18030003856984e-05,1.0
32,empty,unit,9,1,0,0,0,64,64,64,64,64,64,1,1,1,1,1,1,1,1,1,0,0,0,64,64,64,3.4312000025238376e-05,2.790199960145401e-05,6.44470001134323e-05,9.173999387712684e-06,6.821000170020852e-06,1.328999951510923e-05,3.3029000405804254e-05,2.8643000405281782e-05,0.00022437699954025447,1.0
32,random,encoded,9,3,32,32,32,3664,3656,3856,5144,5072,5472,25,24,26,38,37,42,169,169,193,6,6,6,286,266,301,0.00039951899998413865,0.00035829799981002,0.00042717199994513066,5.5903999964357354e-05,5.20290004715207e-05,0.0003714079994097119,0.0005632660004266654,0.00048624999999447027,0.0008336720002262155,1.4039301310043668
32,random,unit,9,3,32,32,32,247,238,257,258,248,271,32,32,35,38,37,42,169,169,193,6,6,6,247,238,257,0.00038555899936909555,0.00034516800042183604,0.0006046080006854027,5.890800002816832e-05,5.285899987939047e-05,0.00013947899969934952,0.0005467410001074313,0.0004783490003319457,0.0026548570003797067,1.0445344129554657
32,row,encoded,9,1,32,32,32,1152,1152,1152,1152,1152,1152,1,1,1,1,1,1,3,3,3,1,1,1,63,63,63,4.851300036534667e-05,4.441700002644211e-05,7.105700024112593e-05,1.300000076298602e-05,1.0245000339637045e-05,2.5608999749238137e-05,5.657499968947377e-05,5.046600017521996e-05,0.0002552330006437842,1.0
32,row,unit,9,1,32,32,32,63,63,63,63,63,63,1,1,1,1,1,1,3,3,3,1,1,1,63,63,63,5.2097999287070706e-05,4.672000068239868e-05,0.00016174299980775686,1.1586999789869878e-05,9.9239996416145e-06,2.0260999917809386e-05,5.5793999308662023e-05,5.151799996383488e-05,0.0001224229999934323,1.0
128,band,encoded,9,1,256,256,256,26400,26400,26400,36304,36304,36304,148,148,148,254,254,254,1539,1539,1539,7,7,7,2044,2044,2044,0.003193438000380411,0.0028610790004677256,0.0036391070007084636,0.00026662100026442204,0.0002629550008350634,0.00044876399988424964,0.004585049000525032,0.004369424999822513,0.005425782000202162,1.3751515151515152
128,band,unit,9,1,256,256,256,1788,1788,1788,1790,1790,1790,172,172,172,254,254,254,1539,1539,1539,7,7,7,1788,1788,1788,0.0034839340005419217,0.00294959100028791,0.0055837899999460205,0.0003282730003775214,0.00026844300009543076,0.0005225249997238279,0.0046837079999022535,0.004164346999459667,0.04391513100017619,1.0011185682326622
128,cluster,encoded,9,1,128,128,128,5664,5664,5664,7976,7976,7976,3,3,3,3,3,3,49,49,49,5,5,5,378,378,378,0.00027242899977864,0.00023724699985905318,0.0004711579995273496,4.721100049209781e-05,4.2815000597329345e-05,6.77719999657711e-05,0.00030923499980417546,0.00027380199935578275,0.0027190949995201663,1.4081920903954803
128,cluster,unit,9,1,128,128,128,377,377,377,377,377,377,3,3,3,3,3,3,49,49,49,5,5,5,377,377,377,0.00022615999932895647,0.00020973499977117172,0.00029400200037343893,4.526800057647051e-05,4.277400057617342e-05,0.00023141700057749404,0.0002955740001198137,0.00025478299994574627,0.0005576780004048487,1.0
128,column,encoded,9,1,128,128,128,4616,4616,4616,4616,4616,4616,1,1,1,1,1,1,509,509,509,7,7,7,255,255,255,0.0010832269999809796,0.0010582900004010298,0.0013988320006319555,0.0001153130006059655,0.00011174800056323875,0.0001358439994874061,0.0018745860006674775,0.0018025279996436439,0.00193259399929957,1.0
128,column,unit,9,1,128,128,128,255,255,255,255,255,255,1,1,1,1,1,1,509,509,509,7,7,7,255,255,255,0.0011214149999432266,0.0010386100002506282,0.002992595999785408,0.00011587399967538659,0.00011241900028835516,0.00013969900010124547,0.0017685970005913987,0.0015437699994436116,0.036640510999859544,1.0
128,diagonal,encoded,9,1,128,128,128,26432,26432,26432,36320,36320,36320,148,148,148,254,254,254,1539,1539,1539,7,7,7,2048,2048,2048,0.0029592660002890625,0.0028089499992347555,0.0033981749993472476,0.00026271500064467546,0.00023343099928752054,0.0007533819998570834,0.0043931700001849094,0.004136133999963931,0.005011690000173985,1.37409200968523
128,diagonal,unit,9,1,128,128,128,1792,1792,1792,1792,1792,1792,170,170,170,254,254,254,1539,1539,1539,7,7,7,1792,1792,1792,0.00323101400044834,0.0027448829996501445,0.004958199000611785,0.00029022600028838497,0.0002465799998390139,0.00046690199997101445,0.004345659000136948,0.003959587999815994,0.04431730800024525,1.0
128,empty,encoded,9,1,0,0,0,4624,4624,4624,4624,4624,4624,1,1,1,1,1,1,1,1,1,0,0,0,256,256,256,8.445699950243579e-05,7.945900051709032e-05,0.0002487740002834471,2.003999998123618e-05,1.8697999621508643e-05,2.6509999770496506e-05,8.315499962918693e-05,7.976999950187746e-05,0.00010249400020256871,1.0
128,empty,unit,9,1,0,0,0,256,256,256,256,256,256,1,1,1,1,1,1,1,1,1,0,0,0,256,256,256,8.557800083508482e-05,8.194299971364671e-05,0.00011833699954877375,2.532800044718897e-05,1.9549999706214294e-05,3.788699996221112e-05,8.91030003913329e-05,8.027999956539134e-05,0.0002524190003896365,1.0
128,random,encoded,9,3,128,128,128,20288,19880,20440,28056,26608,28160,100,95,100,156,148,158,997,933,1013,8,8,8,1609,1607,1631,0.002281037000102515,0.0020704409998870688,0.0029010680000283173,0.00025925000045390334,0.0002492039993740036,0.00036856399947282625,0.00305238599958102,0.002680257000065467,0.003924976999769569,1.3828864353312302
128,random,unit,9,3,128,128,128,1421,1394,1427,1466,1428,1472,136,133,137,156,148,158,997,933,1013,8,8,8,1421,1394,1427,0.0020642709996536723,0.0019301499996799976,0.041811960000814,0.0002779179994831793,0.0002549939999880735,0.0004784089996974217,0.0029427620002024923,0.002773597000668815,0.0046033569997234736,1.031667839549613
128,row,encoded,9,1,128,128,128,4608,4608,4608,4608,4608,4608,1,1,1,1,1,1,3,3,3,1,1,1,255,255,255,0.00012352599969744915,0.00011466200066934107,0.0001436360007573967,3.228800051147118e-05,2.9724000341957435e-05,3.8096999560366385e-05,0.0001352539993604296,0.00011954999990848592,0.0003591599997889716,1.0
128,row,unit,9,1,128,128,128,255,255,255,255,255,255,1,1,1,1,1,1,3,3,3,1,1,1,255,255,255,0.00012171299931651447,0.00011369999992894009,0.00017046599987224909,3.3399999665562063e-05,2.9875000109313987e-05,7.271899994520936e-05,0.0001332400006504031,0.00011483200069051236,0.00030383699959202204,1.0
512,band,encoded,9,1,1024,1024,1024,132384,132384,132384,182224,182224,182224,596,596,596,1022,1022,1022,8195,8195,8195,9,9,9,10236,10236,10236,0.016537597000024107,0.015173247000348056,0.06555286000002525,0.0014746249999006977,0.0012817960005122586,0.001944812000147067,0.024432158000308846,0.02307316600035847,0.026276197999322903,1.3764805414551609
512,band,unit,9,1,1024,1024,1024,9212,9212,9212,9214,9214,9214,684,684,684,1022,1022,1022,8195,8195,8195,9,9,9,9212,9212,9212,0.015972848999808775,0.015085545000147249,0.07717047500045737,0.001480133999393729,0.0012729830004900577,0.0018025890003627865,0.022893686000315938,0.02215182200052368,0.027684935000252153,1.0002171081198437
512,cluster,encoded,9,1,512,512,512,22568,22568,22568,32312,32312,32312,3,3,3,3,3,3,97,97,97,6,6,6,1531,1531,1531,0.0006881640001665801,0.0006638770000790828,0.0010172089996558498,0.00014991599982749904,0.00013812800079904264,0.0004151129996898817,0.000897347999853082,0.0007666320007047034,0.0028550990000439924,1.4317617866004964
512,cluster,unit,9,1,512,512,512,1529,1529,1529,1529,1529,1529,3,3,3,3,3,3,97,97,97,6,6,6,1529,1529,1529,0.0006323099996734527,0.0006151939996925648,0.0010139530004380504,0.00030902399976184824,0.00013983999997435603,0.00037438300023495685,0.0007450089997291798,0.0007181589999163407,0.0009695360004116083,1.0
512,column,encoded,9,1,512,512,512,18440,18440,18440,18440,18440,18440,1,1,1,1,1,1,2045,2045,2045,9,9,9,1023,1023,1023,0.005099552000501717,0.004537427999821375,0.006513966999591503,0.0004973169998265803,0.000461704000372265,0.0005404319999797735,0.006928198999958113,0.006615199000407301,0.05816181600039272,1.0
512,column,unit,9,1,512,512,512,1023,1023,1023,1023,1023,1023,1,1,1,1,1,1,2045,2045,2045,9,9,9,1023,1023,1023,0.004926781999529339,0.004570547000184888,0.007099917000232381,0.0005347329997675843,0.00048069199965539156,0.0006222749998414656,0.0069272470000214525,0.0064607869999235845,0.046270288999949116,1.0
512,diagonal,encoded,9,1,512,512,512,132416,132416,132416,182240,182240,182240,596,596,596,1022,1022,1022,8195,8195,8195,9,9,9,10240,10240,10240,0.017472221000389254,0.015620809999745688,0.06721168199965177,0.001375896999888937,0.0012624970004253555,0.001989540000067791,0.026706996000029903,0.023132524999709858,0.03346883499943942,1.376268728854519
512,diagonal,unit,9,1,512,512,512,9216,9216,9216,9216,9216,9216,682,682,682,1022,1022,1022,8195,8195,8195,9,9,9,9216,9216,9216,0.01669148899964057,0.015193156999885105,0.0703697769995415,0.0013919409993832232,0.001141636000284052,0.0016379509997932473,0.024450625999634212,0.02223050999964471,0.024954532999799994,1.0
512,empty,encoded,9,1,0,0,0,18448,18448,18448,18448,18448,18448,1,1,1,1,1,1,1,1,1,0,0,0,1024,1024,1024,0.0002853290006896714,0.0002796400003717281,0.0003287539993834798,6.952399962756317e-05,6.735100032528862e-05,0.0017960390005100635,0.00027984999996988336,0.0002758450000328594,0.0003241869999328628,1.0
512,empty,unit,9,1,0,0,0,1024,1024,1024,1024,1024,1024,1,1,1,1,1,1,1,1,1,0,0,0,1024,1024,1024,0.00030772300033277133,0.00028028100041410653,0.0004201909996481845,9.63950005825609e-05,6.683100036752876e-05,0.0002345729999433388,0.000292990000161808,0.0002753140006461763,0.00040138300028047524,1.0
512,random,encoded,9,3,512,512,512,104360,104024,105144,140640,140352,142768,413,413,417,652,648,662,5501,5461,5601,10,10,10,8491,8455,8512,0.012755914000081248,0.012168571999609412,0.013292040000123961,0.0018159879991799244,0.0013619660003314493,0.0018901299999924959,0.017960633000257076,0.017428213999664877,0.018604982000397285,1.3476427750095823
512,random,unit,9,3,512,512,512,7504,7501,7532,7709,7676,7722,576,573,585,652,648,662,5501,5461,5601,10,10,10,7504,7501,7532,0.012232547999701637,0.011445164999713597,0.015671655000005558,0.0018706700002439902,0.0014136530007817782,0.053731794999293925,0.016842553000060434,0.01620368500061886,0.056119883000064874,1.027318763326226
512,row,encoded,9,1,512,512,512,18432,18432,18432,18432,18432,18432,1,1,1,1,1,1,3,3,3,1,1,1,1023,1023,1023,0.00039856900002632756,0.0003819739995378768,0.00042436799958522897,0.0001233650000358466,0.0001083229999494506,0.00033769799938454526,0.00042802300049515907,0.00039527399985672673,0.0006619949999731034,1.0
512,row,unit,9,1,512,512,512,1023,1023,1023,1023,1023,1023,1,1,1,1,1,1,3,3,3,1,1,1,1023,1023,1023,0.00039750700034346664,0.00038927500008867355,0.0007439379996867501,0.00011193799946340732,0.00010837199988600332,0.00026424699990457157,0.00042969599962816574,0.0004133910006203223,0.0026909030002570944,1.0
2048,band,encoded,9,1,4096,4096,4096,636192,636192,636192,876496,876496,876496,2388,2388,2388,4094,4094,4094,40963,40963,40963,11,11,11,49148,49148,49148,0.1519615609995526,0.09170822999931261,0.16564544700031547,0.007142614999793295,0.006314524000117672,0.00868641299985029,0.228518251999958,0.15274805100034428,0.2411680549994344,1.3777224485689854
2048,band,unit,9,1,4096,4096,4096,45052,45052,45052,45054,45054,45054,2732,2732,2732,4094,4094,4094,40963,40963,40963,11,11,11,45052,45052,45052,0.09625498700006574,0.08659416099999362,0.17975629400007165,0.007429635000335111,0.005506980999598454,0.008355095999831974,0.21520531099940854,0.14726949600026273,0.2368936169996232,1.0000443931456984
2048,cluster,encoded,9,1,2048,2048,2048,90000,90000,90000,130048,130048,130048,3,3,3,3,3,3,185,185,185,7,7,7,6122,6122,6122,0.0022273450003922335,0.0021841100005985936,0.04339607000019896,0.000635404000604467,0.0005449079999380047,0.0018422859993734164,0.002664569999978994,0.002569247999417712,0.004166785999586864,1.4449777777777777
2048,cluster,unit,9,1,2048,2048,2048,6121,6121,6121,6121,6121,6121,3,3,3,3,3,3,185,185,185,7,7,7,6121,6121,6121,0.002175225999963004,0.00204839600064588,0.0051038330002484145,0.0005995199999233591,0.0005443270001705969,0.0008370069999728003,0.0025629880001361016,0.002386824000495835,0.003214667000065674,1.0
2048,column,encoded,9,1,2048,2048,2048,73736,73736,73736,73736,73736,73736,1,1,1,1,1,1,8189,8189,8189,11,11,11,4095,4095,4095,0.021940061999885074,0.019846485999551078,0.0888782940000965,0.0025988049992520246,0.002145954000297934,0.00290669700007129,0.02959661499971844,0.027908027000194124,0.03262710699982563,1.0
2048,column,unit,9,1,2048,2048,2048,4095,4095,4095,4095,4095,4095,1,1,1,1,1,1,8189,8189,8189,11,11,11,4095,4095,4095,0.020402140999976837,0.01930812699993112,0.07861468599912769,0.002466986000399629,0.0022273370004768367,0.003012424999724317,0.02850348199990549,0.027641196000331547,0.033279537000453274,1.0
2048,diagonal,encoded,9,1,2048,2048,2048,636224,636224,636224,876512,876512,876512,2388,2388,2388,4094,4094,4094,40963,40963,40963,11,11,11,49152,49152,49152,0.1477946470004099,0.08838298699993175,0.16350497599978553,0.006819633999839425,0.005660754000018642,0.008223925000493182,0.23288189899994904,0.15480396700058918,0.24588141499953053,1.377678301981692
2048,diagonal,unit,9,1,2048,2048,2048,45056,45056,45056,45056,45056,45056,2730,2730,2730,4094,4094,4094,40963,40963,40963,11,11,11,45056,45056,45056,0.09203460200023983,0.08469467599934433,0.16568411299977015,0.007006425000326999,0.005398940999839397,0.008261642000434222,0.21336735899967607,0.14599186099985673,0.2428795440000613,1.0
2048,empty,encoded,9,1,0,0,0,73744,73744,73744,73744,73744,73744,1,1,1,1,1,1,1,1,1,0,0,0,4096,4096,4096,0.0012119700004404876,0.0011589310006456799,0.0018814569993992336,0.00036765200002264464,0.000316154999381979,0.04327152699988801,0.0012306990001889062,0.0011400220000723493,0.0012476439997044508,1.0
2048,empty,unit,9,1,0,0,0,4096,4096,4096,4096,4096,4096,1,1,1,1,1,1,1,1,1,0,0,0,4096,4096,4096,0.001216497999848798,0.0011639880003713188,0.0017282059998251498,0.0003512679995765211,0.000308814000163693,0.0025345069998365943,0.0012004430000160937,0.001134393999564054,0.0012865929993495229,1.0
2048,random,encoded,9,3,2048,2048,2048,498112,496880,504752,661848,658856,672976,1640,1638,1668,2574,2566,2626,26797,26701,27421,12,12,12,40914,40889,41355,0.07206694899923605,0.06356610399961937,0.13031671599947003,0.008231711000007635,0.007290429000022414,0.009007626999846252,0.1794546769997396,0.11308935600027326,0.20819658799973695,1.3287132211229602
2048,random,unit,9,3,2048,2048,2048,36300,36300,36753,37018,36973,37470,2307,2300,2325,2574,2566,2626,26797,26701,27421,12,12,12,36300,36300,36753,0.12350616900039313,0.06582642200010014,0.13559024799997133,0.008366973000192957,0.007096295999872382,0.0102629490002073,0.10897222200037504,0.09919242700016184,0.17851733999941644,1.0197796143250688
2048,row,encoded,9,1,2048,2048,2048,73728,73728,73728,73728,73728,73728,1,1,1,1,1,1,3,3,3,1,1,1,4095,4095,4095,0.001686743999925966,0.0015783810003995313,0.00237463800021942,0.0005469220004670206,0.0005198110002311296,0.0013169280000511208,0.0018236290006825584,0.0016688569994585123,0.03888037100023212,1.0
2048,row,unit,9,1,2048,2048,2048,4095,4095,4095,4095,4095,4095,1,1,1,1,1,1,3,3,3,1,1,1,4095,4095,4095,0.0017508010005258257,0.001577740000357153,0.002593336000245472,0.0005346529997041216,0.0004831260002902127,0.0022426590003306046,0.0017935650002982584,0.0016940450004767627,0.0018384519999017357,1.0
